Name,Shader Type
AdornAALineFS,Fragment
AdornAALineVS,Vertex
AdornFixedWidthAALineVS,Vertex
AdornFS,Fragment
AdornLightingVS,Vertex
AdornObjectFS,Fragment
AdornObjectParabolaVS,Vertex
AdornObjectRopeVS,Vertex
AdornObjectSpringVS,Vertex
AdornObjectVS,Vertex
AdornOnTopFS,Fragment
AdornOutlineFS,Fragment
AdornOutlineVS,Vertex
AdornSelfLitHighlightVS,Vertex
AdornSelfLitVS,Vertex
AdornUnlitFS,Fragment
AdornVS,Vertex
AdvSkyEnvFS,Fragment
AdvSkyEnvOldFS,Fragment
AdvSkyFS,Fragment
AdvSkyLinearEnvFS,Fragment
AdvSkyLinearEnvOldFS,Fragment
AdvSkyLinearFS,Fragment
AdvSkyLinearOldFS,Fragment
AdvSkyOldFS,Fragment
AdvSkyRGBEEnvFS,Fragment
AdvSkyRGBEEnvOldFS,Fragment
AdvSkyRGBEFS,Fragment
AdvSkyRGBELinearEnvFS,Fragment
AdvSkyRGBELinearEnvOldFS,Fragment
AdvSkyRGBELinearFS,Fragment
AdvSkyRGBELinearOldFS,Fragment
AdvSkyRGBEOldFS,Fragment
AdvSkyVS,Vertex
AdvStarsFS,Fragment
AdvStarsOldFS,Fragment
AdvStarsVS,Vertex
AdvSunFS,Fragment
AdvSunOldFS,Fragment
AdvSunVS,Vertex
ASWDepthDownsize,Fragment
AtlasCopyCS,Compute
CheckerboardDepthFS,Fragment
ClearFourChannelCS,Compute
ClearOneChannelCS,Compute
ClearThreeChannelCS,Compute
ClearTwoChannelCS,Compute
CloudsBsmFS,Fragment
CloudsClearToSkyColorFS,Fragment
CloudsDist2dFS,Fragment
CloudsDistFS,Fragment
CloudsReprojectFilterFS,Fragment
CloudsSunCoverFS,Fragment
CloudsVS,Vertex
CompressBc1CS,Compute
CompressBc3CS,Compute
CompressBc4CS,Compute
CopyGuiVS,Vertex
DefaultDepthFS,Fragment
DefaultModelLodFS,Fragment
DefaultModelLodVS,Vertex
DefaultShadowFS,Fragment
DefaultSurfaceAppearanceDitheredDepthFS,Fragment
DefaultUnifiedFlatOpaqueFS_00000800,Fragment
DefaultUnifiedFlatOpaqueFS_10000000,Fragment
DefaultUnifiedFlatOpaqueFS_10000400,Fragment
DefaultUnifiedFlatOpaqueFS_20000000,Fragment
DefaultUnifiedFlatOpaqueFS_40000000,Fragment
DefaultUnifiedFlatOpaqueFS_80000000,Fragment
DefaultUnifiedFlatOpaqueVS_00000800,Vertex
DefaultUnifiedFlatOpaqueVS_00000801,Vertex
DefaultUnifiedFlatOpaqueVS_00000802,Vertex
DefaultUnifiedFlatOpaqueVS_00000806,Vertex
DefaultUnifiedFlatOpaqueVS_00001800,Vertex
DefaultUnifiedFlatOpaqueVS_00001802,Vertex
DefaultUnifiedFlatOpaqueVS_00001806,Vertex
DefaultUnifiedFlatOpaqueVS_00100801,Vertex
DefaultUnifiedFlatOpaqueVS_00200800,Vertex
DefaultUnifiedFlatOpaqueVS_00300800,Vertex
DefaultUnifiedFlatOpaqueVS_04000806,Vertex
DefaultUnifiedFlatOpaqueVS_04001806,Vertex
DefaultUnifiedFlatOpaqueVS_10000000,Vertex
DefaultUnifiedFlatOpaqueVS_10000001,Vertex
DefaultUnifiedFlatOpaqueVS_10000002,Vertex
DefaultUnifiedFlatOpaqueVS_10000006,Vertex
DefaultUnifiedFlatOpaqueVS_10000400,Vertex
DefaultUnifiedFlatOpaqueVS_10000401,Vertex
DefaultUnifiedFlatOpaqueVS_10000402,Vertex
DefaultUnifiedFlatOpaqueVS_10000406,Vertex
DefaultUnifiedFlatOpaqueVS_10001000,Vertex
DefaultUnifiedFlatOpaqueVS_10001002,Vertex
DefaultUnifiedFlatOpaqueVS_10001006,Vertex
DefaultUnifiedFlatOpaqueVS_10001400,Vertex
DefaultUnifiedFlatOpaqueVS_10001402,Vertex
DefaultUnifiedFlatOpaqueVS_10001406,Vertex
DefaultUnifiedFlatOpaqueVS_10100001,Vertex
DefaultUnifiedFlatOpaqueVS_10100401,Vertex
DefaultUnifiedFlatOpaqueVS_10200000,Vertex
DefaultUnifiedFlatOpaqueVS_10200400,Vertex
DefaultUnifiedFlatOpaqueVS_10300000,Vertex
DefaultUnifiedFlatOpaqueVS_10300400,Vertex
DefaultUnifiedFlatOpaqueVS_14000006,Vertex
DefaultUnifiedFlatOpaqueVS_14000406,Vertex
DefaultUnifiedFlatOpaqueVS_14001006,Vertex
DefaultUnifiedFlatOpaqueVS_14001406,Vertex
DefaultUnifiedFlatOpaqueVS_20000000,Vertex
DefaultUnifiedFlatOpaqueVS_20000001,Vertex
DefaultUnifiedFlatOpaqueVS_20000002,Vertex
DefaultUnifiedFlatOpaqueVS_20000006,Vertex
DefaultUnifiedFlatOpaqueVS_20001000,Vertex
DefaultUnifiedFlatOpaqueVS_20001002,Vertex
DefaultUnifiedFlatOpaqueVS_20001006,Vertex
DefaultUnifiedFlatOpaqueVS_20100001,Vertex
DefaultUnifiedFlatOpaqueVS_20200000,Vertex
DefaultUnifiedFlatOpaqueVS_20300000,Vertex
DefaultUnifiedFlatOpaqueVS_24000006,Vertex
DefaultUnifiedFlatOpaqueVS_24001006,Vertex
DefaultUnifiedFlatOpaqueVS_40000000,Vertex
DefaultUnifiedFlatOpaqueVS_40000001,Vertex
DefaultUnifiedFlatOpaqueVS_40000002,Vertex
DefaultUnifiedFlatOpaqueVS_40000006,Vertex
DefaultUnifiedFlatOpaqueVS_40001000,Vertex
DefaultUnifiedFlatOpaqueVS_40001002,Vertex
DefaultUnifiedFlatOpaqueVS_40001006,Vertex
DefaultUnifiedFlatOpaqueVS_40100001,Vertex
DefaultUnifiedFlatOpaqueVS_40200000,Vertex
DefaultUnifiedFlatOpaqueVS_40300000,Vertex
DefaultUnifiedFlatOpaqueVS_44000006,Vertex
DefaultUnifiedFlatOpaqueVS_44001006,Vertex
DefaultUnifiedFlatOpaqueVS_80000000,Vertex
DefaultUnifiedFlatOpaqueVS_80000001,Vertex
DefaultUnifiedFlatOpaqueVS_80000002,Vertex
DefaultUnifiedFlatOpaqueVS_80000006,Vertex
DefaultUnifiedFlatOpaqueVS_80001000,Vertex
DefaultUnifiedFlatOpaqueVS_80001002,Vertex
DefaultUnifiedFlatOpaqueVS_80001006,Vertex
DefaultUnifiedFlatOpaqueVS_80100001,Vertex
DefaultUnifiedFlatOpaqueVS_80200000,Vertex
DefaultUnifiedFlatOpaqueVS_80300000,Vertex
DefaultUnifiedFlatOpaqueVS_84000006,Vertex
DefaultUnifiedFlatOpaqueVS_84001006,Vertex
DefaultUnifiedFlatTransparentFS_00000800,Fragment
DefaultUnifiedFlatTransparentFS_10000000,Fragment
DefaultUnifiedFlatTransparentFS_10000400,Fragment
DefaultUnifiedFlatTransparentFS_20000000,Fragment
DefaultUnifiedFlatTransparentFS_40000000,Fragment
DefaultUnifiedFlatTransparentFS_80000000,Fragment
DefaultUnifiedFlatTransparentVS_00000800,Vertex
DefaultUnifiedFlatTransparentVS_00000801,Vertex
DefaultUnifiedFlatTransparentVS_00000802,Vertex
DefaultUnifiedFlatTransparentVS_00000806,Vertex
DefaultUnifiedFlatTransparentVS_00001800,Vertex
DefaultUnifiedFlatTransparentVS_00001802,Vertex
DefaultUnifiedFlatTransparentVS_00001806,Vertex
DefaultUnifiedFlatTransparentVS_00100801,Vertex
DefaultUnifiedFlatTransparentVS_00200800,Vertex
DefaultUnifiedFlatTransparentVS_00300800,Vertex
DefaultUnifiedFlatTransparentVS_04000806,Vertex
DefaultUnifiedFlatTransparentVS_04001806,Vertex
DefaultUnifiedFlatTransparentVS_10000000,Vertex
DefaultUnifiedFlatTransparentVS_10000001,Vertex
DefaultUnifiedFlatTransparentVS_10000002,Vertex
DefaultUnifiedFlatTransparentVS_10000006,Vertex
DefaultUnifiedFlatTransparentVS_10000400,Vertex
DefaultUnifiedFlatTransparentVS_10000401,Vertex
DefaultUnifiedFlatTransparentVS_10000402,Vertex
DefaultUnifiedFlatTransparentVS_10000406,Vertex
DefaultUnifiedFlatTransparentVS_10001000,Vertex
DefaultUnifiedFlatTransparentVS_10001002,Vertex
DefaultUnifiedFlatTransparentVS_10001006,Vertex
DefaultUnifiedFlatTransparentVS_10001400,Vertex
DefaultUnifiedFlatTransparentVS_10001402,Vertex
DefaultUnifiedFlatTransparentVS_10001406,Vertex
DefaultUnifiedFlatTransparentVS_10100001,Vertex
DefaultUnifiedFlatTransparentVS_10100401,Vertex
DefaultUnifiedFlatTransparentVS_10200000,Vertex
DefaultUnifiedFlatTransparentVS_10200400,Vertex
DefaultUnifiedFlatTransparentVS_10300000,Vertex
DefaultUnifiedFlatTransparentVS_10300400,Vertex
DefaultUnifiedFlatTransparentVS_14000006,Vertex
DefaultUnifiedFlatTransparentVS_14000406,Vertex
DefaultUnifiedFlatTransparentVS_14001006,Vertex
DefaultUnifiedFlatTransparentVS_14001406,Vertex
DefaultUnifiedFlatTransparentVS_20000000,Vertex
DefaultUnifiedFlatTransparentVS_20000001,Vertex
DefaultUnifiedFlatTransparentVS_20000002,Vertex
DefaultUnifiedFlatTransparentVS_20000006,Vertex
DefaultUnifiedFlatTransparentVS_20001000,Vertex
DefaultUnifiedFlatTransparentVS_20001002,Vertex
DefaultUnifiedFlatTransparentVS_20001006,Vertex
DefaultUnifiedFlatTransparentVS_20100001,Vertex
DefaultUnifiedFlatTransparentVS_20200000,Vertex
DefaultUnifiedFlatTransparentVS_20300000,Vertex
DefaultUnifiedFlatTransparentVS_24000006,Vertex
DefaultUnifiedFlatTransparentVS_24001006,Vertex
DefaultUnifiedFlatTransparentVS_40000000,Vertex
DefaultUnifiedFlatTransparentVS_40000001,Vertex
DefaultUnifiedFlatTransparentVS_40000002,Vertex
DefaultUnifiedFlatTransparentVS_40000006,Vertex
DefaultUnifiedFlatTransparentVS_40001000,Vertex
DefaultUnifiedFlatTransparentVS_40001002,Vertex
DefaultUnifiedFlatTransparentVS_40001006,Vertex
DefaultUnifiedFlatTransparentVS_40100001,Vertex
DefaultUnifiedFlatTransparentVS_40200000,Vertex
DefaultUnifiedFlatTransparentVS_40300000,Vertex
DefaultUnifiedFlatTransparentVS_44000006,Vertex
DefaultUnifiedFlatTransparentVS_44001006,Vertex
DefaultUnifiedFlatTransparentVS_80000000,Vertex
DefaultUnifiedFlatTransparentVS_80000001,Vertex
DefaultUnifiedFlatTransparentVS_80000002,Vertex
DefaultUnifiedFlatTransparentVS_80000006,Vertex
DefaultUnifiedFlatTransparentVS_80001000,Vertex
DefaultUnifiedFlatTransparentVS_80001002,Vertex
DefaultUnifiedFlatTransparentVS_80001006,Vertex
DefaultUnifiedFlatTransparentVS_80100001,Vertex
DefaultUnifiedFlatTransparentVS_80200000,Vertex
DefaultUnifiedFlatTransparentVS_80300000,Vertex
DefaultUnifiedFlatTransparentVS_84000006,Vertex
DefaultUnifiedFlatTransparentVS_84001006,Vertex
DefaultUnifiedForcefieldFS_00000800,Fragment
DefaultUnifiedForcefieldFS_01000800,Fragment
DefaultUnifiedForcefieldFS_10000000,Fragment
DefaultUnifiedForcefieldFS_10000400,Fragment
DefaultUnifiedForcefieldFS_11000000,Fragment
DefaultUnifiedForcefieldFS_11000400,Fragment
DefaultUnifiedForcefieldFS_20000000,Fragment
DefaultUnifiedForcefieldFS_21000000,Fragment
DefaultUnifiedForcefieldFS_40000000,Fragment
DefaultUnifiedForcefieldFS_41000000,Fragment
DefaultUnifiedForcefieldFS_80000000,Fragment
DefaultUnifiedForcefieldFS_81000000,Fragment
DefaultUnifiedForcefieldVS_00000800,Vertex
DefaultUnifiedForcefieldVS_00000801,Vertex
DefaultUnifiedForcefieldVS_00000802,Vertex
DefaultUnifiedForcefieldVS_00000806,Vertex
DefaultUnifiedForcefieldVS_00001800,Vertex
DefaultUnifiedForcefieldVS_00001802,Vertex
DefaultUnifiedForcefieldVS_00001806,Vertex
DefaultUnifiedForcefieldVS_00100801,Vertex
DefaultUnifiedForcefieldVS_00200800,Vertex
DefaultUnifiedForcefieldVS_00300800,Vertex
DefaultUnifiedForcefieldVS_04000806,Vertex
DefaultUnifiedForcefieldVS_04001806,Vertex
DefaultUnifiedForcefieldVS_10000000,Vertex
DefaultUnifiedForcefieldVS_10000001,Vertex
DefaultUnifiedForcefieldVS_10000002,Vertex
DefaultUnifiedForcefieldVS_10000006,Vertex
DefaultUnifiedForcefieldVS_10000400,Vertex
DefaultUnifiedForcefieldVS_10000401,Vertex
DefaultUnifiedForcefieldVS_10000402,Vertex
DefaultUnifiedForcefieldVS_10000406,Vertex
DefaultUnifiedForcefieldVS_10001000,Vertex
DefaultUnifiedForcefieldVS_10001002,Vertex
DefaultUnifiedForcefieldVS_10001006,Vertex
DefaultUnifiedForcefieldVS_10001400,Vertex
DefaultUnifiedForcefieldVS_10001402,Vertex
DefaultUnifiedForcefieldVS_10001406,Vertex
DefaultUnifiedForcefieldVS_10100001,Vertex
DefaultUnifiedForcefieldVS_10100401,Vertex
DefaultUnifiedForcefieldVS_10200000,Vertex
DefaultUnifiedForcefieldVS_10200400,Vertex
DefaultUnifiedForcefieldVS_10300000,Vertex
DefaultUnifiedForcefieldVS_10300400,Vertex
DefaultUnifiedForcefieldVS_14000006,Vertex
DefaultUnifiedForcefieldVS_14000406,Vertex
DefaultUnifiedForcefieldVS_14001006,Vertex
DefaultUnifiedForcefieldVS_14001406,Vertex
DefaultUnifiedForcefieldVS_20000000,Vertex
DefaultUnifiedForcefieldVS_20000001,Vertex
DefaultUnifiedForcefieldVS_20000002,Vertex
DefaultUnifiedForcefieldVS_20000006,Vertex
DefaultUnifiedForcefieldVS_20001000,Vertex
DefaultUnifiedForcefieldVS_20001002,Vertex
DefaultUnifiedForcefieldVS_20001006,Vertex
DefaultUnifiedForcefieldVS_20100001,Vertex
DefaultUnifiedForcefieldVS_20200000,Vertex
DefaultUnifiedForcefieldVS_20300000,Vertex
DefaultUnifiedForcefieldVS_24000006,Vertex
DefaultUnifiedForcefieldVS_24001006,Vertex
DefaultUnifiedForcefieldVS_40000000,Vertex
DefaultUnifiedForcefieldVS_40000001,Vertex
DefaultUnifiedForcefieldVS_40000002,Vertex
DefaultUnifiedForcefieldVS_40000006,Vertex
DefaultUnifiedForcefieldVS_40001000,Vertex
DefaultUnifiedForcefieldVS_40001002,Vertex
DefaultUnifiedForcefieldVS_40001006,Vertex
DefaultUnifiedForcefieldVS_40100001,Vertex
DefaultUnifiedForcefieldVS_40200000,Vertex
DefaultUnifiedForcefieldVS_40300000,Vertex
DefaultUnifiedForcefieldVS_44000006,Vertex
DefaultUnifiedForcefieldVS_44001006,Vertex
DefaultUnifiedForcefieldVS_80000000,Vertex
DefaultUnifiedForcefieldVS_80000001,Vertex
DefaultUnifiedForcefieldVS_80000002,Vertex
DefaultUnifiedForcefieldVS_80000006,Vertex
DefaultUnifiedForcefieldVS_80001000,Vertex
DefaultUnifiedForcefieldVS_80001002,Vertex
DefaultUnifiedForcefieldVS_80001006,Vertex
DefaultUnifiedForcefieldVS_80100001,Vertex
DefaultUnifiedForcefieldVS_80200000,Vertex
DefaultUnifiedForcefieldVS_80300000,Vertex
DefaultUnifiedForcefieldVS_84000006,Vertex
DefaultUnifiedForcefieldVS_84001006,Vertex
DefaultUnifiedGlassTintFS,Fragment
DefaultUnifiedGlassTintFS_01000000,Fragment
DefaultUnifiedGlassTintVS,Vertex
DefaultUnifiedGlassTintVS_00000001,Vertex
DefaultUnifiedGlassTintVS_00000002,Vertex
DefaultUnifiedGlassTintVS_00000006,Vertex
DefaultUnifiedGlassTintVS_00000400,Vertex
DefaultUnifiedGlassTintVS_00000401,Vertex
DefaultUnifiedGlassTintVS_00000402,Vertex
DefaultUnifiedGlassTintVS_00000406,Vertex
DefaultUnifiedGlassTintVS_00001000,Vertex
DefaultUnifiedGlassTintVS_00001002,Vertex
DefaultUnifiedGlassTintVS_00001006,Vertex
DefaultUnifiedGlassTintVS_00001400,Vertex
DefaultUnifiedGlassTintVS_00001402,Vertex
DefaultUnifiedGlassTintVS_00001406,Vertex
DefaultUnifiedGlassTintVS_00100001,Vertex
DefaultUnifiedGlassTintVS_00100401,Vertex
DefaultUnifiedGlassTintVS_00200000,Vertex
DefaultUnifiedGlassTintVS_00200400,Vertex
DefaultUnifiedGlassTintVS_00300000,Vertex
DefaultUnifiedGlassTintVS_00300400,Vertex
DefaultUnifiedGlassTintVS_04000006,Vertex
DefaultUnifiedGlassTintVS_04000406,Vertex
DefaultUnifiedGlassTintVS_04001006,Vertex
DefaultUnifiedGlassTintVS_04001406,Vertex
DefaultUnifiedGlassTransparentFS_00000800,Fragment
DefaultUnifiedGlassTransparentFS_01000800,Fragment
DefaultUnifiedGlassTransparentFS_08000800,Fragment
DefaultUnifiedGlassTransparentFS_09000800,Fragment
DefaultUnifiedGlassTransparentFS_10000000,Fragment
DefaultUnifiedGlassTransparentFS_10000400,Fragment
DefaultUnifiedGlassTransparentFS_11000000,Fragment
DefaultUnifiedGlassTransparentFS_11000400,Fragment
DefaultUnifiedGlassTransparentFS_18000000,Fragment
DefaultUnifiedGlassTransparentFS_18000400,Fragment
DefaultUnifiedGlassTransparentFS_19000000,Fragment
DefaultUnifiedGlassTransparentFS_19000400,Fragment
DefaultUnifiedGlassTransparentFS_20000000,Fragment
DefaultUnifiedGlassTransparentFS_21000000,Fragment
DefaultUnifiedGlassTransparentFS_28000000,Fragment
DefaultUnifiedGlassTransparentFS_29000000,Fragment
DefaultUnifiedGlassTransparentFS_40000000,Fragment
DefaultUnifiedGlassTransparentFS_41000000,Fragment
DefaultUnifiedGlassTransparentFS_48000000,Fragment
DefaultUnifiedGlassTransparentFS_49000000,Fragment
DefaultUnifiedGlassTransparentFS_80000000,Fragment
DefaultUnifiedGlassTransparentFS_81000000,Fragment
DefaultUnifiedGlassTransparentFS_88000000,Fragment
DefaultUnifiedGlassTransparentFS_89000000,Fragment
DefaultUnifiedGlassTransparentVS_00000800,Vertex
DefaultUnifiedGlassTransparentVS_00000801,Vertex
DefaultUnifiedGlassTransparentVS_00000802,Vertex
DefaultUnifiedGlassTransparentVS_00000806,Vertex
DefaultUnifiedGlassTransparentVS_00001800,Vertex
DefaultUnifiedGlassTransparentVS_00001802,Vertex
DefaultUnifiedGlassTransparentVS_00001806,Vertex
DefaultUnifiedGlassTransparentVS_00100801,Vertex
DefaultUnifiedGlassTransparentVS_00200800,Vertex
DefaultUnifiedGlassTransparentVS_00300800,Vertex
DefaultUnifiedGlassTransparentVS_04000806,Vertex
DefaultUnifiedGlassTransparentVS_04001806,Vertex
DefaultUnifiedGlassTransparentVS_08000800,Vertex
DefaultUnifiedGlassTransparentVS_08000801,Vertex
DefaultUnifiedGlassTransparentVS_08000802,Vertex
DefaultUnifiedGlassTransparentVS_08000806,Vertex
DefaultUnifiedGlassTransparentVS_08001800,Vertex
DefaultUnifiedGlassTransparentVS_08001802,Vertex
DefaultUnifiedGlassTransparentVS_08001806,Vertex
DefaultUnifiedGlassTransparentVS_08100801,Vertex
DefaultUnifiedGlassTransparentVS_08200800,Vertex
DefaultUnifiedGlassTransparentVS_08300800,Vertex
DefaultUnifiedGlassTransparentVS_0c000806,Vertex
DefaultUnifiedGlassTransparentVS_0c001806,Vertex
DefaultUnifiedGlassTransparentVS_10000000,Vertex
DefaultUnifiedGlassTransparentVS_10000001,Vertex
DefaultUnifiedGlassTransparentVS_10000002,Vertex
DefaultUnifiedGlassTransparentVS_10000006,Vertex
DefaultUnifiedGlassTransparentVS_10000400,Vertex
DefaultUnifiedGlassTransparentVS_10000401,Vertex
DefaultUnifiedGlassTransparentVS_10000402,Vertex
DefaultUnifiedGlassTransparentVS_10000406,Vertex
DefaultUnifiedGlassTransparentVS_10001000,Vertex
DefaultUnifiedGlassTransparentVS_10001002,Vertex
DefaultUnifiedGlassTransparentVS_10001006,Vertex
DefaultUnifiedGlassTransparentVS_10001400,Vertex
DefaultUnifiedGlassTransparentVS_10001402,Vertex
DefaultUnifiedGlassTransparentVS_10001406,Vertex
DefaultUnifiedGlassTransparentVS_10100001,Vertex
DefaultUnifiedGlassTransparentVS_10100401,Vertex
DefaultUnifiedGlassTransparentVS_10200000,Vertex
DefaultUnifiedGlassTransparentVS_10200400,Vertex
DefaultUnifiedGlassTransparentVS_10300000,Vertex
DefaultUnifiedGlassTransparentVS_10300400,Vertex
DefaultUnifiedGlassTransparentVS_14000006,Vertex
DefaultUnifiedGlassTransparentVS_14000406,Vertex
DefaultUnifiedGlassTransparentVS_14001006,Vertex
DefaultUnifiedGlassTransparentVS_14001406,Vertex
DefaultUnifiedGlassTransparentVS_18000000,Vertex
DefaultUnifiedGlassTransparentVS_18000001,Vertex
DefaultUnifiedGlassTransparentVS_18000002,Vertex
DefaultUnifiedGlassTransparentVS_18000006,Vertex
DefaultUnifiedGlassTransparentVS_18000400,Vertex
DefaultUnifiedGlassTransparentVS_18000401,Vertex
DefaultUnifiedGlassTransparentVS_18000402,Vertex
DefaultUnifiedGlassTransparentVS_18000406,Vertex
DefaultUnifiedGlassTransparentVS_18001000,Vertex
DefaultUnifiedGlassTransparentVS_18001002,Vertex
DefaultUnifiedGlassTransparentVS_18001006,Vertex
DefaultUnifiedGlassTransparentVS_18001400,Vertex
DefaultUnifiedGlassTransparentVS_18001402,Vertex
DefaultUnifiedGlassTransparentVS_18001406,Vertex
DefaultUnifiedGlassTransparentVS_18100001,Vertex
DefaultUnifiedGlassTransparentVS_18100401,Vertex
DefaultUnifiedGlassTransparentVS_18200000,Vertex
DefaultUnifiedGlassTransparentVS_18200400,Vertex
DefaultUnifiedGlassTransparentVS_18300000,Vertex
DefaultUnifiedGlassTransparentVS_18300400,Vertex
DefaultUnifiedGlassTransparentVS_1c000006,Vertex
DefaultUnifiedGlassTransparentVS_1c000406,Vertex
DefaultUnifiedGlassTransparentVS_1c001006,Vertex
DefaultUnifiedGlassTransparentVS_1c001406,Vertex
DefaultUnifiedGlassTransparentVS_20000000,Vertex
DefaultUnifiedGlassTransparentVS_20000001,Vertex
DefaultUnifiedGlassTransparentVS_20000002,Vertex
DefaultUnifiedGlassTransparentVS_20000006,Vertex
DefaultUnifiedGlassTransparentVS_20001000,Vertex
DefaultUnifiedGlassTransparentVS_20001002,Vertex
DefaultUnifiedGlassTransparentVS_20001006,Vertex
DefaultUnifiedGlassTransparentVS_20100001,Vertex
DefaultUnifiedGlassTransparentVS_20200000,Vertex
DefaultUnifiedGlassTransparentVS_20300000,Vertex
DefaultUnifiedGlassTransparentVS_24000006,Vertex
DefaultUnifiedGlassTransparentVS_24001006,Vertex
DefaultUnifiedGlassTransparentVS_28000000,Vertex
DefaultUnifiedGlassTransparentVS_28000001,Vertex
DefaultUnifiedGlassTransparentVS_28000002,Vertex
DefaultUnifiedGlassTransparentVS_28000006,Vertex
DefaultUnifiedGlassTransparentVS_28001000,Vertex
DefaultUnifiedGlassTransparentVS_28001002,Vertex
DefaultUnifiedGlassTransparentVS_28001006,Vertex
DefaultUnifiedGlassTransparentVS_28100001,Vertex
DefaultUnifiedGlassTransparentVS_28200000,Vertex
DefaultUnifiedGlassTransparentVS_28300000,Vertex
DefaultUnifiedGlassTransparentVS_2c000006,Vertex
DefaultUnifiedGlassTransparentVS_2c001006,Vertex
DefaultUnifiedGlassTransparentVS_40000000,Vertex
DefaultUnifiedGlassTransparentVS_40000001,Vertex
DefaultUnifiedGlassTransparentVS_40000002,Vertex
DefaultUnifiedGlassTransparentVS_40000006,Vertex
DefaultUnifiedGlassTransparentVS_40001000,Vertex
DefaultUnifiedGlassTransparentVS_40001002,Vertex
DefaultUnifiedGlassTransparentVS_40001006,Vertex
DefaultUnifiedGlassTransparentVS_40100001,Vertex
DefaultUnifiedGlassTransparentVS_40200000,Vertex
DefaultUnifiedGlassTransparentVS_40300000,Vertex
DefaultUnifiedGlassTransparentVS_44000006,Vertex
DefaultUnifiedGlassTransparentVS_44001006,Vertex
DefaultUnifiedGlassTransparentVS_48000000,Vertex
DefaultUnifiedGlassTransparentVS_48000001,Vertex
DefaultUnifiedGlassTransparentVS_48000002,Vertex
DefaultUnifiedGlassTransparentVS_48000006,Vertex
DefaultUnifiedGlassTransparentVS_48001000,Vertex
DefaultUnifiedGlassTransparentVS_48001002,Vertex
DefaultUnifiedGlassTransparentVS_48001006,Vertex
DefaultUnifiedGlassTransparentVS_48100001,Vertex
DefaultUnifiedGlassTransparentVS_48200000,Vertex
DefaultUnifiedGlassTransparentVS_48300000,Vertex
DefaultUnifiedGlassTransparentVS_4c000006,Vertex
DefaultUnifiedGlassTransparentVS_4c001006,Vertex
DefaultUnifiedGlassTransparentVS_80000000,Vertex
DefaultUnifiedGlassTransparentVS_80000001,Vertex
DefaultUnifiedGlassTransparentVS_80000002,Vertex
DefaultUnifiedGlassTransparentVS_80000006,Vertex
DefaultUnifiedGlassTransparentVS_80001000,Vertex
DefaultUnifiedGlassTransparentVS_80001002,Vertex
DefaultUnifiedGlassTransparentVS_80001006,Vertex
DefaultUnifiedGlassTransparentVS_80100001,Vertex
DefaultUnifiedGlassTransparentVS_80200000,Vertex
DefaultUnifiedGlassTransparentVS_80300000,Vertex
DefaultUnifiedGlassTransparentVS_84000006,Vertex
DefaultUnifiedGlassTransparentVS_84001006,Vertex
DefaultUnifiedGlassTransparentVS_88000000,Vertex
DefaultUnifiedGlassTransparentVS_88000001,Vertex
DefaultUnifiedGlassTransparentVS_88000002,Vertex
DefaultUnifiedGlassTransparentVS_88000006,Vertex
DefaultUnifiedGlassTransparentVS_88001000,Vertex
DefaultUnifiedGlassTransparentVS_88001002,Vertex
DefaultUnifiedGlassTransparentVS_88001006,Vertex
DefaultUnifiedGlassTransparentVS_88100001,Vertex
DefaultUnifiedGlassTransparentVS_88200000,Vertex
DefaultUnifiedGlassTransparentVS_88300000,Vertex
DefaultUnifiedGlassTransparentVS_8c000006,Vertex
DefaultUnifiedGlassTransparentVS_8c001006,Vertex
DefaultUnifiedGridFS_00000800,Fragment
DefaultUnifiedGridFS_01000800,Fragment
DefaultUnifiedGridFS_10000000,Fragment
DefaultUnifiedGridFS_10000400,Fragment
DefaultUnifiedGridFS_11000000,Fragment
DefaultUnifiedGridFS_11000400,Fragment
DefaultUnifiedGridFS_20000000,Fragment
DefaultUnifiedGridFS_21000000,Fragment
DefaultUnifiedGridFS_40000000,Fragment
DefaultUnifiedGridFS_41000000,Fragment
DefaultUnifiedGridFS_80000000,Fragment
DefaultUnifiedGridFS_81000000,Fragment
DefaultUnifiedGridVS_00000800,Vertex
DefaultUnifiedGridVS_00000801,Vertex
DefaultUnifiedGridVS_00000802,Vertex
DefaultUnifiedGridVS_00000806,Vertex
DefaultUnifiedGridVS_00001800,Vertex
DefaultUnifiedGridVS_00001802,Vertex
DefaultUnifiedGridVS_00001806,Vertex
DefaultUnifiedGridVS_00100801,Vertex
DefaultUnifiedGridVS_00200800,Vertex
DefaultUnifiedGridVS_00300800,Vertex
DefaultUnifiedGridVS_04000806,Vertex
DefaultUnifiedGridVS_04001806,Vertex
DefaultUnifiedGridVS_10000000,Vertex
DefaultUnifiedGridVS_10000001,Vertex
DefaultUnifiedGridVS_10000002,Vertex
DefaultUnifiedGridVS_10000006,Vertex
DefaultUnifiedGridVS_10000400,Vertex
DefaultUnifiedGridVS_10000401,Vertex
DefaultUnifiedGridVS_10000402,Vertex
DefaultUnifiedGridVS_10000406,Vertex
DefaultUnifiedGridVS_10001000,Vertex
DefaultUnifiedGridVS_10001002,Vertex
DefaultUnifiedGridVS_10001006,Vertex
DefaultUnifiedGridVS_10001400,Vertex
DefaultUnifiedGridVS_10001402,Vertex
DefaultUnifiedGridVS_10001406,Vertex
DefaultUnifiedGridVS_10100001,Vertex
DefaultUnifiedGridVS_10100401,Vertex
DefaultUnifiedGridVS_10200000,Vertex
DefaultUnifiedGridVS_10200400,Vertex
DefaultUnifiedGridVS_10300000,Vertex
DefaultUnifiedGridVS_10300400,Vertex
DefaultUnifiedGridVS_14000006,Vertex
DefaultUnifiedGridVS_14000406,Vertex
DefaultUnifiedGridVS_14001006,Vertex
DefaultUnifiedGridVS_14001406,Vertex
DefaultUnifiedGridVS_20000000,Vertex
DefaultUnifiedGridVS_20000001,Vertex
DefaultUnifiedGridVS_20000002,Vertex
DefaultUnifiedGridVS_20000006,Vertex
DefaultUnifiedGridVS_20001000,Vertex
DefaultUnifiedGridVS_20001002,Vertex
DefaultUnifiedGridVS_20001006,Vertex
DefaultUnifiedGridVS_20100001,Vertex
DefaultUnifiedGridVS_20200000,Vertex
DefaultUnifiedGridVS_20300000,Vertex
DefaultUnifiedGridVS_24000006,Vertex
DefaultUnifiedGridVS_24001006,Vertex
DefaultUnifiedGridVS_40000000,Vertex
DefaultUnifiedGridVS_40000001,Vertex
DefaultUnifiedGridVS_40000002,Vertex
DefaultUnifiedGridVS_40000006,Vertex
DefaultUnifiedGridVS_40001000,Vertex
DefaultUnifiedGridVS_40001002,Vertex
DefaultUnifiedGridVS_40001006,Vertex
DefaultUnifiedGridVS_40100001,Vertex
DefaultUnifiedGridVS_40200000,Vertex
DefaultUnifiedGridVS_40300000,Vertex
DefaultUnifiedGridVS_44000006,Vertex
DefaultUnifiedGridVS_44001006,Vertex
DefaultUnifiedGridVS_80000000,Vertex
DefaultUnifiedGridVS_80000001,Vertex
DefaultUnifiedGridVS_80000002,Vertex
DefaultUnifiedGridVS_80000006,Vertex
DefaultUnifiedGridVS_80001000,Vertex
DefaultUnifiedGridVS_80001002,Vertex
DefaultUnifiedGridVS_80001006,Vertex
DefaultUnifiedGridVS_80100001,Vertex
DefaultUnifiedGridVS_80200000,Vertex
DefaultUnifiedGridVS_80300000,Vertex
DefaultUnifiedGridVS_84000006,Vertex
DefaultUnifiedGridVS_84001006,Vertex
DefaultUnifiedModelLodFS,Fragment
DefaultUnifiedModelLodVS,Vertex
DefaultUnifiedNeonFS_00000800,Fragment
DefaultUnifiedNeonFS_01000800,Fragment
DefaultUnifiedNeonFS_10000000,Fragment
DefaultUnifiedNeonFS_10000400,Fragment
DefaultUnifiedNeonFS_11000000,Fragment
DefaultUnifiedNeonFS_11000400,Fragment
DefaultUnifiedNeonFS_20000000,Fragment
DefaultUnifiedNeonFS_21000000,Fragment
DefaultUnifiedNeonFS_40000000,Fragment
DefaultUnifiedNeonFS_41000000,Fragment
DefaultUnifiedNeonFS_80000000,Fragment
DefaultUnifiedNeonFS_81000000,Fragment
DefaultUnifiedNeonInGuiFS_00000800,Fragment
DefaultUnifiedNeonInGuiFS_01000800,Fragment
DefaultUnifiedNeonInGuiFS_10000000,Fragment
DefaultUnifiedNeonInGuiFS_10000400,Fragment
DefaultUnifiedNeonInGuiFS_11000000,Fragment
DefaultUnifiedNeonInGuiFS_11000400,Fragment
DefaultUnifiedNeonInGuiFS_20000000,Fragment
DefaultUnifiedNeonInGuiFS_21000000,Fragment
DefaultUnifiedNeonInGuiFS_40000000,Fragment
DefaultUnifiedNeonInGuiFS_41000000,Fragment
DefaultUnifiedNeonInGuiFS_80000000,Fragment
DefaultUnifiedNeonInGuiFS_81000000,Fragment
DefaultUnifiedNeonInGuiVS_00000800,Vertex
DefaultUnifiedNeonInGuiVS_00000801,Vertex
DefaultUnifiedNeonInGuiVS_00000802,Vertex
DefaultUnifiedNeonInGuiVS_00000806,Vertex
DefaultUnifiedNeonInGuiVS_00001800,Vertex
DefaultUnifiedNeonInGuiVS_00001802,Vertex
DefaultUnifiedNeonInGuiVS_00001806,Vertex
DefaultUnifiedNeonInGuiVS_00100801,Vertex
DefaultUnifiedNeonInGuiVS_00200800,Vertex
DefaultUnifiedNeonInGuiVS_00300800,Vertex
DefaultUnifiedNeonInGuiVS_04000806,Vertex
DefaultUnifiedNeonInGuiVS_04001806,Vertex
DefaultUnifiedNeonInGuiVS_10000000,Vertex
DefaultUnifiedNeonInGuiVS_10000001,Vertex
DefaultUnifiedNeonInGuiVS_10000002,Vertex
DefaultUnifiedNeonInGuiVS_10000006,Vertex
DefaultUnifiedNeonInGuiVS_10000400,Vertex
DefaultUnifiedNeonInGuiVS_10000401,Vertex
DefaultUnifiedNeonInGuiVS_10000402,Vertex
DefaultUnifiedNeonInGuiVS_10000406,Vertex
DefaultUnifiedNeonInGuiVS_10001000,Vertex
DefaultUnifiedNeonInGuiVS_10001002,Vertex
DefaultUnifiedNeonInGuiVS_10001006,Vertex
DefaultUnifiedNeonInGuiVS_10001400,Vertex
DefaultUnifiedNeonInGuiVS_10001402,Vertex
DefaultUnifiedNeonInGuiVS_10001406,Vertex
DefaultUnifiedNeonInGuiVS_10100001,Vertex
DefaultUnifiedNeonInGuiVS_10100401,Vertex
DefaultUnifiedNeonInGuiVS_10200000,Vertex
DefaultUnifiedNeonInGuiVS_10200400,Vertex
DefaultUnifiedNeonInGuiVS_10300000,Vertex
DefaultUnifiedNeonInGuiVS_10300400,Vertex
DefaultUnifiedNeonInGuiVS_14000006,Vertex
DefaultUnifiedNeonInGuiVS_14000406,Vertex
DefaultUnifiedNeonInGuiVS_14001006,Vertex
DefaultUnifiedNeonInGuiVS_14001406,Vertex
DefaultUnifiedNeonInGuiVS_20000000,Vertex
DefaultUnifiedNeonInGuiVS_20000001,Vertex
DefaultUnifiedNeonInGuiVS_20000002,Vertex
DefaultUnifiedNeonInGuiVS_20000006,Vertex
DefaultUnifiedNeonInGuiVS_20001000,Vertex
DefaultUnifiedNeonInGuiVS_20001002,Vertex
DefaultUnifiedNeonInGuiVS_20001006,Vertex
DefaultUnifiedNeonInGuiVS_20100001,Vertex
DefaultUnifiedNeonInGuiVS_20200000,Vertex
DefaultUnifiedNeonInGuiVS_20300000,Vertex
DefaultUnifiedNeonInGuiVS_24000006,Vertex
DefaultUnifiedNeonInGuiVS_24001006,Vertex
DefaultUnifiedNeonInGuiVS_40000000,Vertex
DefaultUnifiedNeonInGuiVS_40000001,Vertex
DefaultUnifiedNeonInGuiVS_40000002,Vertex
DefaultUnifiedNeonInGuiVS_40000006,Vertex
DefaultUnifiedNeonInGuiVS_40001000,Vertex
DefaultUnifiedNeonInGuiVS_40001002,Vertex
DefaultUnifiedNeonInGuiVS_40001006,Vertex
DefaultUnifiedNeonInGuiVS_40100001,Vertex
DefaultUnifiedNeonInGuiVS_40200000,Vertex
DefaultUnifiedNeonInGuiVS_40300000,Vertex
DefaultUnifiedNeonInGuiVS_44000006,Vertex
DefaultUnifiedNeonInGuiVS_44001006,Vertex
DefaultUnifiedNeonInGuiVS_80000000,Vertex
DefaultUnifiedNeonInGuiVS_80000001,Vertex
DefaultUnifiedNeonInGuiVS_80000002,Vertex
DefaultUnifiedNeonInGuiVS_80000006,Vertex
DefaultUnifiedNeonInGuiVS_80001000,Vertex
DefaultUnifiedNeonInGuiVS_80001002,Vertex
DefaultUnifiedNeonInGuiVS_80001006,Vertex
DefaultUnifiedNeonInGuiVS_80100001,Vertex
DefaultUnifiedNeonInGuiVS_80200000,Vertex
DefaultUnifiedNeonInGuiVS_80300000,Vertex
DefaultUnifiedNeonInGuiVS_84000006,Vertex
DefaultUnifiedNeonInGuiVS_84001006,Vertex
DefaultUnifiedNeonVS_00000800,Vertex
DefaultUnifiedNeonVS_00000801,Vertex
DefaultUnifiedNeonVS_00000802,Vertex
DefaultUnifiedNeonVS_00000806,Vertex
DefaultUnifiedNeonVS_00001800,Vertex
DefaultUnifiedNeonVS_00001802,Vertex
DefaultUnifiedNeonVS_00001806,Vertex
DefaultUnifiedNeonVS_00100801,Vertex
DefaultUnifiedNeonVS_00200800,Vertex
DefaultUnifiedNeonVS_00300800,Vertex
DefaultUnifiedNeonVS_04000806,Vertex
DefaultUnifiedNeonVS_04001806,Vertex
DefaultUnifiedNeonVS_10000000,Vertex
DefaultUnifiedNeonVS_10000001,Vertex
DefaultUnifiedNeonVS_10000002,Vertex
DefaultUnifiedNeonVS_10000006,Vertex
DefaultUnifiedNeonVS_10000400,Vertex
DefaultUnifiedNeonVS_10000401,Vertex
DefaultUnifiedNeonVS_10000402,Vertex
DefaultUnifiedNeonVS_10000406,Vertex
DefaultUnifiedNeonVS_10001000,Vertex
DefaultUnifiedNeonVS_10001002,Vertex
DefaultUnifiedNeonVS_10001006,Vertex
DefaultUnifiedNeonVS_10001400,Vertex
DefaultUnifiedNeonVS_10001402,Vertex
DefaultUnifiedNeonVS_10001406,Vertex
DefaultUnifiedNeonVS_10100001,Vertex
DefaultUnifiedNeonVS_10100401,Vertex
DefaultUnifiedNeonVS_10200000,Vertex
DefaultUnifiedNeonVS_10200400,Vertex
DefaultUnifiedNeonVS_10300000,Vertex
DefaultUnifiedNeonVS_10300400,Vertex
DefaultUnifiedNeonVS_14000006,Vertex
DefaultUnifiedNeonVS_14000406,Vertex
DefaultUnifiedNeonVS_14001006,Vertex
DefaultUnifiedNeonVS_14001406,Vertex
DefaultUnifiedNeonVS_20000000,Vertex
DefaultUnifiedNeonVS_20000001,Vertex
DefaultUnifiedNeonVS_20000002,Vertex
DefaultUnifiedNeonVS_20000006,Vertex
DefaultUnifiedNeonVS_20001000,Vertex
DefaultUnifiedNeonVS_20001002,Vertex
DefaultUnifiedNeonVS_20001006,Vertex
DefaultUnifiedNeonVS_20100001,Vertex
DefaultUnifiedNeonVS_20200000,Vertex
DefaultUnifiedNeonVS_20300000,Vertex
DefaultUnifiedNeonVS_24000006,Vertex
DefaultUnifiedNeonVS_24001006,Vertex
DefaultUnifiedNeonVS_40000000,Vertex
DefaultUnifiedNeonVS_40000001,Vertex
DefaultUnifiedNeonVS_40000002,Vertex
DefaultUnifiedNeonVS_40000006,Vertex
DefaultUnifiedNeonVS_40001000,Vertex
DefaultUnifiedNeonVS_40001002,Vertex
DefaultUnifiedNeonVS_40001006,Vertex
DefaultUnifiedNeonVS_40100001,Vertex
DefaultUnifiedNeonVS_40200000,Vertex
DefaultUnifiedNeonVS_40300000,Vertex
DefaultUnifiedNeonVS_44000006,Vertex
DefaultUnifiedNeonVS_44001006,Vertex
DefaultUnifiedNeonVS_80000000,Vertex
DefaultUnifiedNeonVS_80000001,Vertex
DefaultUnifiedNeonVS_80000002,Vertex
DefaultUnifiedNeonVS_80000006,Vertex
DefaultUnifiedNeonVS_80001000,Vertex
DefaultUnifiedNeonVS_80001002,Vertex
DefaultUnifiedNeonVS_80001006,Vertex
DefaultUnifiedNeonVS_80100001,Vertex
DefaultUnifiedNeonVS_80200000,Vertex
DefaultUnifiedNeonVS_80300000,Vertex
DefaultUnifiedNeonVS_84000006,Vertex
DefaultUnifiedNeonVS_84001006,Vertex
DefaultUnifiedPlasticReflectionFS_00000800,Fragment
DefaultUnifiedPlasticReflectionFS_01000800,Fragment
DefaultUnifiedPlasticReflectionFS_10000000,Fragment
DefaultUnifiedPlasticReflectionFS_10000400,Fragment
DefaultUnifiedPlasticReflectionFS_11000000,Fragment
DefaultUnifiedPlasticReflectionFS_11000400,Fragment
DefaultUnifiedPlasticReflectionFS_20000000,Fragment
DefaultUnifiedPlasticReflectionFS_21000000,Fragment
DefaultUnifiedPlasticReflectionFS_40000000,Fragment
DefaultUnifiedPlasticReflectionFS_41000000,Fragment
DefaultUnifiedPlasticReflectionFS_80000000,Fragment
DefaultUnifiedPlasticReflectionFS_81000000,Fragment
DefaultUnifiedPlasticReflectionVS_00000800,Vertex
DefaultUnifiedPlasticReflectionVS_00000801,Vertex
DefaultUnifiedPlasticReflectionVS_00000802,Vertex
DefaultUnifiedPlasticReflectionVS_00000806,Vertex
DefaultUnifiedPlasticReflectionVS_00001800,Vertex
DefaultUnifiedPlasticReflectionVS_00001802,Vertex
DefaultUnifiedPlasticReflectionVS_00001806,Vertex
DefaultUnifiedPlasticReflectionVS_00100801,Vertex
DefaultUnifiedPlasticReflectionVS_00200800,Vertex
DefaultUnifiedPlasticReflectionVS_00300800,Vertex
DefaultUnifiedPlasticReflectionVS_04000806,Vertex
DefaultUnifiedPlasticReflectionVS_04001806,Vertex
DefaultUnifiedPlasticReflectionVS_10000000,Vertex
DefaultUnifiedPlasticReflectionVS_10000001,Vertex
DefaultUnifiedPlasticReflectionVS_10000002,Vertex
DefaultUnifiedPlasticReflectionVS_10000006,Vertex
DefaultUnifiedPlasticReflectionVS_10000400,Vertex
DefaultUnifiedPlasticReflectionVS_10000401,Vertex
DefaultUnifiedPlasticReflectionVS_10000402,Vertex
DefaultUnifiedPlasticReflectionVS_10000406,Vertex
DefaultUnifiedPlasticReflectionVS_10001000,Vertex
DefaultUnifiedPlasticReflectionVS_10001002,Vertex
DefaultUnifiedPlasticReflectionVS_10001006,Vertex
DefaultUnifiedPlasticReflectionVS_10001400,Vertex
DefaultUnifiedPlasticReflectionVS_10001402,Vertex
DefaultUnifiedPlasticReflectionVS_10001406,Vertex
DefaultUnifiedPlasticReflectionVS_10100001,Vertex
DefaultUnifiedPlasticReflectionVS_10100401,Vertex
DefaultUnifiedPlasticReflectionVS_10200000,Vertex
DefaultUnifiedPlasticReflectionVS_10200400,Vertex
DefaultUnifiedPlasticReflectionVS_10300000,Vertex
DefaultUnifiedPlasticReflectionVS_10300400,Vertex
DefaultUnifiedPlasticReflectionVS_14000006,Vertex
DefaultUnifiedPlasticReflectionVS_14000406,Vertex
DefaultUnifiedPlasticReflectionVS_14001006,Vertex
DefaultUnifiedPlasticReflectionVS_14001406,Vertex
DefaultUnifiedPlasticReflectionVS_20000000,Vertex
DefaultUnifiedPlasticReflectionVS_20000001,Vertex
DefaultUnifiedPlasticReflectionVS_20000002,Vertex
DefaultUnifiedPlasticReflectionVS_20000006,Vertex
DefaultUnifiedPlasticReflectionVS_20001000,Vertex
DefaultUnifiedPlasticReflectionVS_20001002,Vertex
DefaultUnifiedPlasticReflectionVS_20001006,Vertex
DefaultUnifiedPlasticReflectionVS_20100001,Vertex
DefaultUnifiedPlasticReflectionVS_20200000,Vertex
DefaultUnifiedPlasticReflectionVS_20300000,Vertex
DefaultUnifiedPlasticReflectionVS_24000006,Vertex
DefaultUnifiedPlasticReflectionVS_24001006,Vertex
DefaultUnifiedPlasticReflectionVS_40000000,Vertex
DefaultUnifiedPlasticReflectionVS_40000001,Vertex
DefaultUnifiedPlasticReflectionVS_40000002,Vertex
DefaultUnifiedPlasticReflectionVS_40000006,Vertex
DefaultUnifiedPlasticReflectionVS_40001000,Vertex
DefaultUnifiedPlasticReflectionVS_40001002,Vertex
DefaultUnifiedPlasticReflectionVS_40001006,Vertex
DefaultUnifiedPlasticReflectionVS_40100001,Vertex
DefaultUnifiedPlasticReflectionVS_40200000,Vertex
DefaultUnifiedPlasticReflectionVS_40300000,Vertex
DefaultUnifiedPlasticReflectionVS_44000006,Vertex
DefaultUnifiedPlasticReflectionVS_44001006,Vertex
DefaultUnifiedPlasticReflectionVS_80000000,Vertex
DefaultUnifiedPlasticReflectionVS_80000001,Vertex
DefaultUnifiedPlasticReflectionVS_80000002,Vertex
DefaultUnifiedPlasticReflectionVS_80000006,Vertex
DefaultUnifiedPlasticReflectionVS_80001000,Vertex
DefaultUnifiedPlasticReflectionVS_80001002,Vertex
DefaultUnifiedPlasticReflectionVS_80001006,Vertex
DefaultUnifiedPlasticReflectionVS_80100001,Vertex
DefaultUnifiedPlasticReflectionVS_80200000,Vertex
DefaultUnifiedPlasticReflectionVS_80300000,Vertex
DefaultUnifiedPlasticReflectionVS_84000006,Vertex
DefaultUnifiedPlasticReflectionVS_84001006,Vertex
DefaultUnifiedSurfaceAppearanceEditableImageFS_00000800,Fragment
DefaultUnifiedSurfaceAppearanceEditableImageFS_00800800,Fragment
DefaultUnifiedSurfaceAppearanceEditableImageFS_01000800,Fragment
DefaultUnifiedSurfaceAppearanceEditableImageFS_01800800,Fragment
DefaultUnifiedSurfaceAppearanceEditableImageFS_10000000,Fragment
DefaultUnifiedSurfaceAppearanceEditableImageFS_10000400,Fragment
DefaultUnifiedSurfaceAppearanceEditableImageFS_10800000,Fragment
DefaultUnifiedSurfaceAppearanceEditableImageFS_10800400,Fragment
DefaultUnifiedSurfaceAppearanceEditableImageFS_11000000,Fragment
DefaultUnifiedSurfaceAppearanceEditableImageFS_11000400,Fragment
DefaultUnifiedSurfaceAppearanceEditableImageFS_11800000,Fragment
DefaultUnifiedSurfaceAppearanceEditableImageFS_11800400,Fragment
DefaultUnifiedSurfaceAppearanceEditableImageFS_20000000,Fragment
DefaultUnifiedSurfaceAppearanceEditableImageFS_20800000,Fragment
DefaultUnifiedSurfaceAppearanceEditableImageFS_21000000,Fragment
DefaultUnifiedSurfaceAppearanceEditableImageFS_21800000,Fragment
DefaultUnifiedSurfaceAppearanceEditableImageFS_40000000,Fragment
DefaultUnifiedSurfaceAppearanceEditableImageFS_40800000,Fragment
DefaultUnifiedSurfaceAppearanceEditableImageFS_41000000,Fragment
DefaultUnifiedSurfaceAppearanceEditableImageFS_41800000,Fragment
DefaultUnifiedSurfaceAppearanceEditableImageFS_80000000,Fragment
DefaultUnifiedSurfaceAppearanceEditableImageFS_80800000,Fragment
DefaultUnifiedSurfaceAppearanceEditableImageFS_81000000,Fragment
DefaultUnifiedSurfaceAppearanceEditableImageFS_81800000,Fragment
DefaultUnifiedSurfaceAppearanceFS_00000800,Fragment
DefaultUnifiedSurfaceAppearanceFS_00800800,Fragment
DefaultUnifiedSurfaceAppearanceFS_01000800,Fragment
DefaultUnifiedSurfaceAppearanceFS_01800800,Fragment
DefaultUnifiedSurfaceAppearanceFS_10000000,Fragment
DefaultUnifiedSurfaceAppearanceFS_10000400,Fragment
DefaultUnifiedSurfaceAppearanceFS_10800000,Fragment
DefaultUnifiedSurfaceAppearanceFS_10800400,Fragment
DefaultUnifiedSurfaceAppearanceFS_11000000,Fragment
DefaultUnifiedSurfaceAppearanceFS_11000400,Fragment
DefaultUnifiedSurfaceAppearanceFS_11800000,Fragment
DefaultUnifiedSurfaceAppearanceFS_11800400,Fragment
DefaultUnifiedSurfaceAppearanceFS_20000000,Fragment
DefaultUnifiedSurfaceAppearanceFS_20800000,Fragment
DefaultUnifiedSurfaceAppearanceFS_21000000,Fragment
DefaultUnifiedSurfaceAppearanceFS_21800000,Fragment
DefaultUnifiedSurfaceAppearanceFS_40000000,Fragment
DefaultUnifiedSurfaceAppearanceFS_40800000,Fragment
DefaultUnifiedSurfaceAppearanceFS_41000000,Fragment
DefaultUnifiedSurfaceAppearanceFS_41800000,Fragment
DefaultUnifiedSurfaceAppearanceFS_80000000,Fragment
DefaultUnifiedSurfaceAppearanceFS_80800000,Fragment
DefaultUnifiedSurfaceAppearanceFS_81000000,Fragment
DefaultUnifiedSurfaceAppearanceFS_81800000,Fragment
DefaultUnifiedSurfaceAppearanceVS_00000800,Vertex
DefaultUnifiedSurfaceAppearanceVS_00000801,Vertex
DefaultUnifiedSurfaceAppearanceVS_00000802,Vertex
DefaultUnifiedSurfaceAppearanceVS_00000806,Vertex
DefaultUnifiedSurfaceAppearanceVS_00001800,Vertex
DefaultUnifiedSurfaceAppearanceVS_00001802,Vertex
DefaultUnifiedSurfaceAppearanceVS_00001806,Vertex
DefaultUnifiedSurfaceAppearanceVS_00100801,Vertex
DefaultUnifiedSurfaceAppearanceVS_00200800,Vertex
DefaultUnifiedSurfaceAppearanceVS_00300800,Vertex
DefaultUnifiedSurfaceAppearanceVS_04000806,Vertex
DefaultUnifiedSurfaceAppearanceVS_04001806,Vertex
DefaultUnifiedSurfaceAppearanceVS_08000800,Vertex
DefaultUnifiedSurfaceAppearanceVS_08000801,Vertex
DefaultUnifiedSurfaceAppearanceVS_08000802,Vertex
DefaultUnifiedSurfaceAppearanceVS_08000806,Vertex
DefaultUnifiedSurfaceAppearanceVS_08001800,Vertex
DefaultUnifiedSurfaceAppearanceVS_08001802,Vertex
DefaultUnifiedSurfaceAppearanceVS_08001806,Vertex
DefaultUnifiedSurfaceAppearanceVS_08100801,Vertex
DefaultUnifiedSurfaceAppearanceVS_08200800,Vertex
DefaultUnifiedSurfaceAppearanceVS_08300800,Vertex
DefaultUnifiedSurfaceAppearanceVS_0c000806,Vertex
DefaultUnifiedSurfaceAppearanceVS_0c001806,Vertex
DefaultUnifiedSurfaceAppearanceVS_10000000,Vertex
DefaultUnifiedSurfaceAppearanceVS_10000001,Vertex
DefaultUnifiedSurfaceAppearanceVS_10000002,Vertex
DefaultUnifiedSurfaceAppearanceVS_10000006,Vertex
DefaultUnifiedSurfaceAppearanceVS_10000400,Vertex
DefaultUnifiedSurfaceAppearanceVS_10000401,Vertex
DefaultUnifiedSurfaceAppearanceVS_10000402,Vertex
DefaultUnifiedSurfaceAppearanceVS_10000406,Vertex
DefaultUnifiedSurfaceAppearanceVS_10001000,Vertex
DefaultUnifiedSurfaceAppearanceVS_10001002,Vertex
DefaultUnifiedSurfaceAppearanceVS_10001006,Vertex
DefaultUnifiedSurfaceAppearanceVS_10001400,Vertex
DefaultUnifiedSurfaceAppearanceVS_10001402,Vertex
DefaultUnifiedSurfaceAppearanceVS_10001406,Vertex
DefaultUnifiedSurfaceAppearanceVS_10100001,Vertex
DefaultUnifiedSurfaceAppearanceVS_10100401,Vertex
DefaultUnifiedSurfaceAppearanceVS_10200000,Vertex
DefaultUnifiedSurfaceAppearanceVS_10200400,Vertex
DefaultUnifiedSurfaceAppearanceVS_10300000,Vertex
DefaultUnifiedSurfaceAppearanceVS_10300400,Vertex
DefaultUnifiedSurfaceAppearanceVS_14000006,Vertex
DefaultUnifiedSurfaceAppearanceVS_14000406,Vertex
DefaultUnifiedSurfaceAppearanceVS_14001006,Vertex
DefaultUnifiedSurfaceAppearanceVS_14001406,Vertex
DefaultUnifiedSurfaceAppearanceVS_18000000,Vertex
DefaultUnifiedSurfaceAppearanceVS_18000001,Vertex
DefaultUnifiedSurfaceAppearanceVS_18000002,Vertex
DefaultUnifiedSurfaceAppearanceVS_18000006,Vertex
DefaultUnifiedSurfaceAppearanceVS_18000400,Vertex
DefaultUnifiedSurfaceAppearanceVS_18000401,Vertex
DefaultUnifiedSurfaceAppearanceVS_18000402,Vertex
DefaultUnifiedSurfaceAppearanceVS_18000406,Vertex
DefaultUnifiedSurfaceAppearanceVS_18001000,Vertex
DefaultUnifiedSurfaceAppearanceVS_18001002,Vertex
DefaultUnifiedSurfaceAppearanceVS_18001006,Vertex
DefaultUnifiedSurfaceAppearanceVS_18001400,Vertex
DefaultUnifiedSurfaceAppearanceVS_18001402,Vertex
DefaultUnifiedSurfaceAppearanceVS_18001406,Vertex
DefaultUnifiedSurfaceAppearanceVS_18100001,Vertex
DefaultUnifiedSurfaceAppearanceVS_18100401,Vertex
DefaultUnifiedSurfaceAppearanceVS_18200000,Vertex
DefaultUnifiedSurfaceAppearanceVS_18200400,Vertex
DefaultUnifiedSurfaceAppearanceVS_18300000,Vertex
DefaultUnifiedSurfaceAppearanceVS_18300400,Vertex
DefaultUnifiedSurfaceAppearanceVS_1c000006,Vertex
DefaultUnifiedSurfaceAppearanceVS_1c000406,Vertex
DefaultUnifiedSurfaceAppearanceVS_1c001006,Vertex
DefaultUnifiedSurfaceAppearanceVS_1c001406,Vertex
DefaultUnifiedSurfaceAppearanceVS_20000000,Vertex
DefaultUnifiedSurfaceAppearanceVS_20000001,Vertex
DefaultUnifiedSurfaceAppearanceVS_20000002,Vertex
DefaultUnifiedSurfaceAppearanceVS_20000006,Vertex
DefaultUnifiedSurfaceAppearanceVS_20001000,Vertex
DefaultUnifiedSurfaceAppearanceVS_20001002,Vertex
DefaultUnifiedSurfaceAppearanceVS_20001006,Vertex
DefaultUnifiedSurfaceAppearanceVS_20100001,Vertex
DefaultUnifiedSurfaceAppearanceVS_20200000,Vertex
DefaultUnifiedSurfaceAppearanceVS_20300000,Vertex
DefaultUnifiedSurfaceAppearanceVS_24000006,Vertex
DefaultUnifiedSurfaceAppearanceVS_24001006,Vertex
DefaultUnifiedSurfaceAppearanceVS_28000000,Vertex
DefaultUnifiedSurfaceAppearanceVS_28000001,Vertex
DefaultUnifiedSurfaceAppearanceVS_28000002,Vertex
DefaultUnifiedSurfaceAppearanceVS_28000006,Vertex
DefaultUnifiedSurfaceAppearanceVS_28001000,Vertex
DefaultUnifiedSurfaceAppearanceVS_28001002,Vertex
DefaultUnifiedSurfaceAppearanceVS_28001006,Vertex
DefaultUnifiedSurfaceAppearanceVS_28100001,Vertex
DefaultUnifiedSurfaceAppearanceVS_28200000,Vertex
DefaultUnifiedSurfaceAppearanceVS_28300000,Vertex
DefaultUnifiedSurfaceAppearanceVS_2c000006,Vertex
DefaultUnifiedSurfaceAppearanceVS_2c001006,Vertex
DefaultUnifiedSurfaceAppearanceVS_40000000,Vertex
DefaultUnifiedSurfaceAppearanceVS_40000001,Vertex
DefaultUnifiedSurfaceAppearanceVS_40000002,Vertex
DefaultUnifiedSurfaceAppearanceVS_40000006,Vertex
DefaultUnifiedSurfaceAppearanceVS_40001000,Vertex
DefaultUnifiedSurfaceAppearanceVS_40001002,Vertex
DefaultUnifiedSurfaceAppearanceVS_40001006,Vertex
DefaultUnifiedSurfaceAppearanceVS_40100001,Vertex
DefaultUnifiedSurfaceAppearanceVS_40200000,Vertex
DefaultUnifiedSurfaceAppearanceVS_40300000,Vertex
DefaultUnifiedSurfaceAppearanceVS_44000006,Vertex
DefaultUnifiedSurfaceAppearanceVS_44001006,Vertex
DefaultUnifiedSurfaceAppearanceVS_48000000,Vertex
DefaultUnifiedSurfaceAppearanceVS_48000001,Vertex
DefaultUnifiedSurfaceAppearanceVS_48000002,Vertex
DefaultUnifiedSurfaceAppearanceVS_48000006,Vertex
DefaultUnifiedSurfaceAppearanceVS_48001000,Vertex
DefaultUnifiedSurfaceAppearanceVS_48001002,Vertex
DefaultUnifiedSurfaceAppearanceVS_48001006,Vertex
DefaultUnifiedSurfaceAppearanceVS_48100001,Vertex
DefaultUnifiedSurfaceAppearanceVS_48200000,Vertex
DefaultUnifiedSurfaceAppearanceVS_48300000,Vertex
DefaultUnifiedSurfaceAppearanceVS_4c000006,Vertex
DefaultUnifiedSurfaceAppearanceVS_4c001006,Vertex
DefaultUnifiedSurfaceAppearanceVS_80000000,Vertex
DefaultUnifiedSurfaceAppearanceVS_80000001,Vertex
DefaultUnifiedSurfaceAppearanceVS_80000002,Vertex
DefaultUnifiedSurfaceAppearanceVS_80000006,Vertex
DefaultUnifiedSurfaceAppearanceVS_80001000,Vertex
DefaultUnifiedSurfaceAppearanceVS_80001002,Vertex
DefaultUnifiedSurfaceAppearanceVS_80001006,Vertex
DefaultUnifiedSurfaceAppearanceVS_80100001,Vertex
DefaultUnifiedSurfaceAppearanceVS_80200000,Vertex
DefaultUnifiedSurfaceAppearanceVS_80300000,Vertex
DefaultUnifiedSurfaceAppearanceVS_84000006,Vertex
DefaultUnifiedSurfaceAppearanceVS_84001006,Vertex
DefaultUnifiedSurfaceAppearanceVS_88000000,Vertex
DefaultUnifiedSurfaceAppearanceVS_88000001,Vertex
DefaultUnifiedSurfaceAppearanceVS_88000002,Vertex
DefaultUnifiedSurfaceAppearanceVS_88000006,Vertex
DefaultUnifiedSurfaceAppearanceVS_88001000,Vertex
DefaultUnifiedSurfaceAppearanceVS_88001002,Vertex
DefaultUnifiedSurfaceAppearanceVS_88001006,Vertex
DefaultUnifiedSurfaceAppearanceVS_88100001,Vertex
DefaultUnifiedSurfaceAppearanceVS_88200000,Vertex
DefaultUnifiedSurfaceAppearanceVS_88300000,Vertex
DefaultUnifiedSurfaceAppearanceVS_8c000006,Vertex
DefaultUnifiedSurfaceAppearanceVS_8c001006,Vertex
DefaultUnifiedTiledEmissiveHideDiffuseRepFS_00000800,Fragment
DefaultUnifiedTiledEmissiveHideDiffuseRepFS_01000800,Fragment
DefaultUnifiedTiledEmissiveHideDiffuseRepFS_10000000,Fragment
DefaultUnifiedTiledEmissiveHideDiffuseRepFS_10000400,Fragment
DefaultUnifiedTiledEmissiveHideDiffuseRepFS_11000000,Fragment
DefaultUnifiedTiledEmissiveHideDiffuseRepFS_11000400,Fragment
DefaultUnifiedTiledEmissiveHideDiffuseRepFS_20000000,Fragment
DefaultUnifiedTiledEmissiveHideDiffuseRepFS_21000000,Fragment
DefaultUnifiedTiledEmissiveHideDiffuseRepFS_40000000,Fragment
DefaultUnifiedTiledEmissiveHideDiffuseRepFS_41000000,Fragment
DefaultUnifiedTiledEmissiveHideDiffuseRepFS_80000000,Fragment
DefaultUnifiedTiledEmissiveHideDiffuseRepFS_81000000,Fragment
DefaultUnifiedTiledEmissiveHideDiffuseRepVS_00000800,Vertex
DefaultUnifiedTiledEmissiveHideDiffuseRepVS_00000801,Vertex
DefaultUnifiedTiledEmissiveHideDiffuseRepVS_00000802,Vertex
DefaultUnifiedTiledEmissiveHideDiffuseRepVS_00000806,Vertex
DefaultUnifiedTiledEmissiveHideDiffuseRepVS_00001800,Vertex
DefaultUnifiedTiledEmissiveHideDiffuseRepVS_00001802,Vertex
DefaultUnifiedTiledEmissiveHideDiffuseRepVS_00001806,Vertex
DefaultUnifiedTiledEmissiveHideDiffuseRepVS_00100801,Vertex
DefaultUnifiedTiledEmissiveHideDiffuseRepVS_00200800,Vertex
DefaultUnifiedTiledEmissiveHideDiffuseRepVS_00300800,Vertex
DefaultUnifiedTiledEmissiveHideDiffuseRepVS_04000806,Vertex
DefaultUnifiedTiledEmissiveHideDiffuseRepVS_04001806,Vertex
DefaultUnifiedTiledEmissiveHideDiffuseRepVS_10000000,Vertex
DefaultUnifiedTiledEmissiveHideDiffuseRepVS_10000001,Vertex
DefaultUnifiedTiledEmissiveHideDiffuseRepVS_10000002,Vertex
DefaultUnifiedTiledEmissiveHideDiffuseRepVS_10000006,Vertex
DefaultUnifiedTiledEmissiveHideDiffuseRepVS_10000400,Vertex
DefaultUnifiedTiledEmissiveHideDiffuseRepVS_10000401,Vertex
DefaultUnifiedTiledEmissiveHideDiffuseRepVS_10000402,Vertex
DefaultUnifiedTiledEmissiveHideDiffuseRepVS_10000406,Vertex
DefaultUnifiedTiledEmissiveHideDiffuseRepVS_10001000,Vertex
DefaultUnifiedTiledEmissiveHideDiffuseRepVS_10001002,Vertex
DefaultUnifiedTiledEmissiveHideDiffuseRepVS_10001006,Vertex
DefaultUnifiedTiledEmissiveHideDiffuseRepVS_10001400,Vertex
DefaultUnifiedTiledEmissiveHideDiffuseRepVS_10001402,Vertex
DefaultUnifiedTiledEmissiveHideDiffuseRepVS_10001406,Vertex
DefaultUnifiedTiledEmissiveHideDiffuseRepVS_10100001,Vertex
DefaultUnifiedTiledEmissiveHideDiffuseRepVS_10100401,Vertex
DefaultUnifiedTiledEmissiveHideDiffuseRepVS_10200000,Vertex
DefaultUnifiedTiledEmissiveHideDiffuseRepVS_10200400,Vertex
DefaultUnifiedTiledEmissiveHideDiffuseRepVS_10300000,Vertex
DefaultUnifiedTiledEmissiveHideDiffuseRepVS_10300400,Vertex
DefaultUnifiedTiledEmissiveHideDiffuseRepVS_14000006,Vertex
DefaultUnifiedTiledEmissiveHideDiffuseRepVS_14000406,Vertex
DefaultUnifiedTiledEmissiveHideDiffuseRepVS_14001006,Vertex
DefaultUnifiedTiledEmissiveHideDiffuseRepVS_14001406,Vertex
DefaultUnifiedTiledEmissiveHideDiffuseRepVS_20000000,Vertex
DefaultUnifiedTiledEmissiveHideDiffuseRepVS_20000001,Vertex
DefaultUnifiedTiledEmissiveHideDiffuseRepVS_20000002,Vertex
DefaultUnifiedTiledEmissiveHideDiffuseRepVS_20000006,Vertex
DefaultUnifiedTiledEmissiveHideDiffuseRepVS_20001000,Vertex
DefaultUnifiedTiledEmissiveHideDiffuseRepVS_20001002,Vertex
DefaultUnifiedTiledEmissiveHideDiffuseRepVS_20001006,Vertex
DefaultUnifiedTiledEmissiveHideDiffuseRepVS_20100001,Vertex
DefaultUnifiedTiledEmissiveHideDiffuseRepVS_20200000,Vertex
DefaultUnifiedTiledEmissiveHideDiffuseRepVS_20300000,Vertex
DefaultUnifiedTiledEmissiveHideDiffuseRepVS_24000006,Vertex
DefaultUnifiedTiledEmissiveHideDiffuseRepVS_24001006,Vertex
DefaultUnifiedTiledEmissiveHideDiffuseRepVS_40000000,Vertex
DefaultUnifiedTiledEmissiveHideDiffuseRepVS_40000001,Vertex
DefaultUnifiedTiledEmissiveHideDiffuseRepVS_40000002,Vertex
DefaultUnifiedTiledEmissiveHideDiffuseRepVS_40000006,Vertex
DefaultUnifiedTiledEmissiveHideDiffuseRepVS_40001000,Vertex
DefaultUnifiedTiledEmissiveHideDiffuseRepVS_40001002,Vertex
DefaultUnifiedTiledEmissiveHideDiffuseRepVS_40001006,Vertex
DefaultUnifiedTiledEmissiveHideDiffuseRepVS_40100001,Vertex
DefaultUnifiedTiledEmissiveHideDiffuseRepVS_40200000,Vertex
DefaultUnifiedTiledEmissiveHideDiffuseRepVS_40300000,Vertex
DefaultUnifiedTiledEmissiveHideDiffuseRepVS_44000006,Vertex
DefaultUnifiedTiledEmissiveHideDiffuseRepVS_44001006,Vertex
DefaultUnifiedTiledEmissiveHideDiffuseRepVS_80000000,Vertex
DefaultUnifiedTiledEmissiveHideDiffuseRepVS_80000001,Vertex
DefaultUnifiedTiledEmissiveHideDiffuseRepVS_80000002,Vertex
DefaultUnifiedTiledEmissiveHideDiffuseRepVS_80000006,Vertex
DefaultUnifiedTiledEmissiveHideDiffuseRepVS_80001000,Vertex
DefaultUnifiedTiledEmissiveHideDiffuseRepVS_80001002,Vertex
DefaultUnifiedTiledEmissiveHideDiffuseRepVS_80001006,Vertex
DefaultUnifiedTiledEmissiveHideDiffuseRepVS_80100001,Vertex
DefaultUnifiedTiledEmissiveHideDiffuseRepVS_80200000,Vertex
DefaultUnifiedTiledEmissiveHideDiffuseRepVS_80300000,Vertex
DefaultUnifiedTiledEmissiveHideDiffuseRepVS_84000006,Vertex
DefaultUnifiedTiledEmissiveHideDiffuseRepVS_84001006,Vertex
DefaultUnifiedTiledFS_00000800,Fragment
DefaultUnifiedTiledFS_01000800,Fragment
DefaultUnifiedTiledFS_10000000,Fragment
DefaultUnifiedTiledFS_10000400,Fragment
DefaultUnifiedTiledFS_11000000,Fragment
DefaultUnifiedTiledFS_11000400,Fragment
DefaultUnifiedTiledFS_20000000,Fragment
DefaultUnifiedTiledFS_21000000,Fragment
DefaultUnifiedTiledFS_40000000,Fragment
DefaultUnifiedTiledFS_41000000,Fragment
DefaultUnifiedTiledFS_80000000,Fragment
DefaultUnifiedTiledFS_81000000,Fragment
DefaultUnifiedTiledHideDiffuseRepVS_00000800,Vertex
DefaultUnifiedTiledHideDiffuseRepVS_00000801,Vertex
DefaultUnifiedTiledHideDiffuseRepVS_00000802,Vertex
DefaultUnifiedTiledHideDiffuseRepVS_00000806,Vertex
DefaultUnifiedTiledHideDiffuseRepVS_00001800,Vertex
DefaultUnifiedTiledHideDiffuseRepVS_00001802,Vertex
DefaultUnifiedTiledHideDiffuseRepVS_00001806,Vertex
DefaultUnifiedTiledHideDiffuseRepVS_00100801,Vertex
DefaultUnifiedTiledHideDiffuseRepVS_00200800,Vertex
DefaultUnifiedTiledHideDiffuseRepVS_00300800,Vertex
DefaultUnifiedTiledHideDiffuseRepVS_04000806,Vertex
DefaultUnifiedTiledHideDiffuseRepVS_04001806,Vertex
DefaultUnifiedTiledHideDiffuseRepVS_10000000,Vertex
DefaultUnifiedTiledHideDiffuseRepVS_10000001,Vertex
DefaultUnifiedTiledHideDiffuseRepVS_10000002,Vertex
DefaultUnifiedTiledHideDiffuseRepVS_10000006,Vertex
DefaultUnifiedTiledHideDiffuseRepVS_10000400,Vertex
DefaultUnifiedTiledHideDiffuseRepVS_10000401,Vertex
DefaultUnifiedTiledHideDiffuseRepVS_10000402,Vertex
DefaultUnifiedTiledHideDiffuseRepVS_10000406,Vertex
DefaultUnifiedTiledHideDiffuseRepVS_10001000,Vertex
DefaultUnifiedTiledHideDiffuseRepVS_10001002,Vertex
DefaultUnifiedTiledHideDiffuseRepVS_10001006,Vertex
DefaultUnifiedTiledHideDiffuseRepVS_10001400,Vertex
DefaultUnifiedTiledHideDiffuseRepVS_10001402,Vertex
DefaultUnifiedTiledHideDiffuseRepVS_10001406,Vertex
DefaultUnifiedTiledHideDiffuseRepVS_10100001,Vertex
DefaultUnifiedTiledHideDiffuseRepVS_10100401,Vertex
DefaultUnifiedTiledHideDiffuseRepVS_10200000,Vertex
DefaultUnifiedTiledHideDiffuseRepVS_10200400,Vertex
DefaultUnifiedTiledHideDiffuseRepVS_10300000,Vertex
DefaultUnifiedTiledHideDiffuseRepVS_10300400,Vertex
DefaultUnifiedTiledHideDiffuseRepVS_14000006,Vertex
DefaultUnifiedTiledHideDiffuseRepVS_14000406,Vertex
DefaultUnifiedTiledHideDiffuseRepVS_14001006,Vertex
DefaultUnifiedTiledHideDiffuseRepVS_14001406,Vertex
DefaultUnifiedTiledHideDiffuseRepVS_20000000,Vertex
DefaultUnifiedTiledHideDiffuseRepVS_20000001,Vertex
DefaultUnifiedTiledHideDiffuseRepVS_20200000,Vertex
DefaultUnifiedTiledVS_00000800,Vertex
DefaultUnifiedTiledVS_00000801,Vertex
DefaultUnifiedTiledVS_00000802,Vertex
DefaultUnifiedTiledVS_00000806,Vertex
DefaultUnifiedTiledVS_00001800,Vertex
DefaultUnifiedTiledVS_00001802,Vertex
DefaultUnifiedTiledVS_00001806,Vertex
DefaultUnifiedTiledVS_00100801,Vertex
DefaultUnifiedTiledVS_00200800,Vertex
DefaultUnifiedTiledVS_00300800,Vertex
DefaultUnifiedTiledVS_04000806,Vertex
DefaultUnifiedTiledVS_04001806,Vertex
DefaultUnifiedTiledVS_10000000,Vertex
DefaultUnifiedTiledVS_10000001,Vertex
DefaultUnifiedTiledVS_10000002,Vertex
DefaultUnifiedTiledVS_10000006,Vertex
DefaultUnifiedTiledVS_10000400,Vertex
DefaultUnifiedTiledVS_10000401,Vertex
DefaultUnifiedTiledVS_10000402,Vertex
DefaultUnifiedTiledVS_10000406,Vertex
DefaultUnifiedTiledVS_10001000,Vertex
DefaultUnifiedTiledVS_10001002,Vertex
DefaultUnifiedTiledVS_10001006,Vertex
DefaultUnifiedTiledVS_10001400,Vertex
DefaultUnifiedTiledVS_10001402,Vertex
DefaultUnifiedTiledVS_10001406,Vertex
DefaultUnifiedTiledVS_10100001,Vertex
DefaultUnifiedTiledVS_10100401,Vertex
DefaultUnifiedTiledVS_10200000,Vertex
DefaultUnifiedTiledVS_10200400,Vertex
DefaultUnifiedTiledVS_10300000,Vertex
DefaultUnifiedTiledVS_10300400,Vertex
DefaultUnifiedTiledVS_14000006,Vertex
DefaultUnifiedTiledVS_14000406,Vertex
DefaultUnifiedTiledVS_14001006,Vertex
DefaultUnifiedTiledVS_14001406,Vertex
DefaultUnifiedTiledVS_20000000,Vertex
DefaultUnifiedTiledVS_20000001,Vertex
DefaultUnifiedTiledVS_20000002,Vertex
DefaultUnifiedTiledVS_20000006,Vertex
DefaultUnifiedTiledVS_20001000,Vertex
DefaultUnifiedTiledVS_20001002,Vertex
DefaultUnifiedTiledVS_20001006,Vertex
DefaultUnifiedTiledVS_20100001,Vertex
DefaultUnifiedTiledVS_20200000,Vertex
DefaultUnifiedTiledVS_20300000,Vertex
DefaultUnifiedTiledVS_24000006,Vertex
DefaultUnifiedTiledVS_24001006,Vertex
DefaultUnifiedTiledVS_40000000,Vertex
DefaultUnifiedTiledVS_40000001,Vertex
DefaultUnifiedTiledVS_40000002,Vertex
DefaultUnifiedTiledVS_40000006,Vertex
DefaultUnifiedTiledVS_40001000,Vertex
DefaultUnifiedTiledVS_40001002,Vertex
DefaultUnifiedTiledVS_40001006,Vertex
DefaultUnifiedTiledVS_40100001,Vertex
DefaultUnifiedTiledVS_40200000,Vertex
DefaultUnifiedTiledVS_40300000,Vertex
DefaultUnifiedTiledVS_44000006,Vertex
DefaultUnifiedTiledVS_44001006,Vertex
DefaultUnifiedTiledVS_80000000,Vertex
DefaultUnifiedTiledVS_80000001,Vertex
DefaultUnifiedTiledVS_80000002,Vertex
DefaultUnifiedTiledVS_80000006,Vertex
DefaultUnifiedTiledVS_80001000,Vertex
DefaultUnifiedTiledVS_80001002,Vertex
DefaultUnifiedTiledVS_80001006,Vertex
DefaultUnifiedTiledVS_80100001,Vertex
DefaultUnifiedTiledVS_80200000,Vertex
DefaultUnifiedTiledVS_80300000,Vertex
DefaultUnifiedTiledVS_84000006,Vertex
DefaultUnifiedTiledVS_84001006,Vertex
DepthResolveMax2FS,Fragment
DepthResolveMax4FS,Fragment
DepthResolveMin2FS,Fragment
DepthResolveMin4FS,Fragment
DilateTemporalFS,Fragment
DownSample4x4ViewportVS,Vertex
DownSample4x4VS,Vertex
EnvGlassFS,Fragment
FastConvDownsamplePS,Fragment
FastConvolutionPS,Fragment
FXCompositingFS,Fragment
FXCompositingLinearFS,Fragment
GenTileBorderCS,Compute
GrassFS,Fragment
GrassHQFS,Fragment
GrassHQFSShadowed,Fragment
GrassHQFSShadowedFSM,Fragment
GrassHQFSShadowedFSMAo,Fragment
GrassHQVSPreciseWindShadowedFSM,Vertex
GrassHQVSWind,Vertex
GrassHQVSWindDepth,Vertex
GrassHQVSWindDepthOld,Vertex
GrassHQVSWindShadowed,Vertex
GrassVS,Vertex
GrassVSDepth,Vertex
GrassVSDepthOld,Vertex
GrassVSPrecise,Vertex
HighlightInPlaceFS_00000000,Fragment
HighlightPostprocessAlphaTestFS_00000000,Fragment
HighlightPostprocessFS_00000000,Fragment
HighlightStudioSelectionAlphaTestFS_00000000,Fragment
HighlightStudioSelectionFS_00000000,Fragment
HighlightStudioSelectionTeamCreateAlphaTestFS_00000000,Fragment
HighlightStudioSelectionTeamCreateFS_00000000,Fragment
InstancedCopy,Compute
InstancedCopy_DEPRECATED,Compute
InstancedDebugGarbage,Compute
InstancedDebugGarbage_DEPRECATED,Compute
InstancedUploadFull,Compute
InstancedUploadFull_DEPRECATED,Compute
LanczosFS,Fragment
LanczosNonRingingFS,Fragment
LanczosSeparateAxisFS,Fragment
LightGridCullAccumAndCreateMaskCS,Compute
LightGridCullClearCS,Compute
LightGridCullCountOffsetCS,Compute
LightGridCullCS,Compute
LightGridCullGatherCS,Compute
LightGridPointSplatFS,Fragment
LightGridPointSplatVS,Vertex
LinearizeDepthAAFS,Fragment
LinearizeDepthBufferFS,Fragment
LinearizeDepthFS,Fragment
LowQMaterialWangFallbackFS,Fragment
ModelLodDepthFS,Fragment
ModelLodDepthVS,Vertex
motionBufferDepthASWHack,Fragment
motionBufferFastClusterPS,Fragment
motionBufferFastClusterSmoothSkinnedVS,Vertex
motionBufferFastClusterSmoothSkinnedWorldSpaceVS,Vertex
motionBufferFastClusterVS,Vertex
motionBufferFastClusterWorldSpaceVS,Vertex
motionBufferInstancedClusterPS,Fragment
motionBufferInstancedClusterVS,Vertex
motionBufferInstancedClusterWorldSpaceVS,Vertex
OutputDepthFS,Fragment
ParticleCurveAddFS,Fragment
ParticleCurveAddFS_Soft,Fragment
ParticleCurveCrazyFS,Fragment
ParticleCurveCrazyFS_Soft,Fragment
ParticleCurveCrazySparklesFS,Fragment
ParticleCurveModulateFS,Fragment
ParticleCurveModulateFS_Soft,Fragment
ParticleCurveVS,Vertex
ParticleCustomFS,Fragment
ParticleCustomFS_Soft,Fragment
ParticleCustomVS,Vertex
ParticleCustomVS_old,Vertex
ParticleLightingFS,Fragment
ParticleLightingVS,Vertex
PassThrough3MRTFS,Fragment
PassThroughArrayFS,Fragment
PassThroughClampedFS,Fragment
PassThroughFS,Fragment
PassThroughLodFS,Fragment
PassThroughModifyUVVS,Vertex
PassThroughModifyVS,Vertex
PassThroughNoOpVS,Vertex
PassThroughPosViewportVS,Vertex
PassThroughPosVS,Vertex
PassThroughViewportVS,Vertex
PassThroughVS,Vertex
PerformanceOverlayFS_00000000,Fragment
PerformanceOverlayLightPS,Fragment
PerformanceOverlayLightVS,Vertex
PerformanceOverlayScreenFS,Fragment
PerformanceOverlayTerrainFS_00000000,Fragment
ProcessGuiFS,Fragment
ProfilerFS,Fragment
ProfilerVS,Vertex
ReprojectFilterFS,Fragment
ResampleLanczosLUTFS,Fragment
ShadowBlurFS,Fragment
ShadowBlurMarkFS,Fragment
ShadowBlurMarkVS,Vertex
ShadowEvsmClearFS,Fragment
ShadowEvsmClearVS,Vertex
ShadowEvsmCopyFS,Fragment
ShadowEvsmHBlurDFS_1,Fragment
ShadowEvsmHBlurDFS_11,Fragment
ShadowEvsmHBlurDFS_13,Fragment
ShadowEvsmHBlurDFS_15,Fragment
ShadowEvsmHBlurDFS_17,Fragment
ShadowEvsmHBlurDFS_3,Fragment
ShadowEvsmHBlurDFS_5,Fragment
ShadowEvsmHBlurDFS_7,Fragment
ShadowEvsmHBlurDFS_9,Fragment
ShadowEvsmPassThroughFlippedVS,Vertex
ShadowEvsmPassThroughVS,Vertex
ShadowEvsmRemapFS,Fragment
ShadowEvsmVBlurLFS_1,Fragment
ShadowEvsmVBlurLFS_3,Fragment
ShadowEvsmVBlurLFS_5,Fragment
ShadowEvsmVBlurLFS_7,Fragment
ShadowEvsmVBlurLFS_9,Fragment
SkyFS,Fragment
SkyLinearFS,Fragment
SkyLinearVColorFS,Fragment
SkyRGBEFS,Fragment
SkyRGBELinearFS,Fragment
SkyRGBELinearVColorFS,Fragment
SkyVS,Vertex
SmoothClusterDepthFS,Fragment
SmoothClusterDepthVS,Vertex
SmoothClusterFeedback2FS,Fragment
SmoothClusterFeedbackFS,Fragment
SmoothClusterFeedbackVS,Vertex
SmoothClusterVTTranslationFS,Fragment
SmoothClusterVTTranslationVS,Vertex
SmoothClusterVTVS_00000000,Vertex
SmootherStepFS,Fragment
SmoothWaterVS_00000000,Vertex
SpecularConvFS,Fragment
SpecularConvVS,Vertex
SRGBToLinearFS,Fragment
SSAOBlurXFS,Fragment
SSAOBlurYFS,Fragment
SSAODepthDownFS,Fragment
SSAOFS,Fragment
SSAOScalingCompositFS,Fragment
SSAOVS,Vertex
StarsFS,Fragment
StarsVS,Vertex
TexCompFS,Fragment
TexCompPMAFS,Fragment
TexCompVS,Vertex
TrailFS,Fragment
TrailFSLight,Fragment
TrailFSLightShadow,Fragment
TrailFSLightShadowFSM,Fragment
TrailFSQuad,Fragment
TrailFSQuadLight,Fragment
TrailFSQuadLightShadow,Fragment
TrailFSQuadLightShadowFSM,Fragment
TrailVS,Vertex
TrailVSLight,Vertex
TrailVSLightShadow,Vertex
TrailVSLightShadowFSM,Vertex
TrailVSQuad,Vertex
TrailVSQuadLight,Vertex
TrailVSQuadLightShadow,Vertex
TrailVSQuadLightShadowFSM,Vertex